,date,daily_return
0,2016-07-05,0.0
1,2016-07-06,0.003320538169102696
2,2016-07-07,-0.0018508537692444758
3,2016-07-08,0.01595127958705846
4,2016-07-11,0.004231156353309588
5,2016-07-12,0.005395237010113928
6,2016-07-13,0.001652233721429428
7,2016-07-14,0.007462155058238439
8,2016-07-15,-0.00042656164769420794
9,2016-07-18,0.001158212622839196
10,2016-07-19,-0.0004813927610638475
11,2016-07-20,0.003997383653784257
12,2016-07-21,-0.0051432749909882105
13,2016-07-22,0.0039925995053794825
14,2016-07-25,-0.0034277617572565375
15,2016-07-26,0.0011873603685033994
16,2016-07-27,-0.00022868298475005094
17,2016-07-28,-0.0013753329607871564
18,2016-07-29,-0.0007750522838708576
19,2016-08-01,-0.0024902619332529516
20,2016-08-02,-0.005627353655555741
21,2016-08-03,0.0032675766442486803
22,2016-08-04,0.0007011409144016672
23,2016-08-05,0.01014238967427027
24,2016-08-08,-0.00022264105335412574
25,2016-08-09,3.573158112964733e-05
26,2016-08-10,-0.0012385144312944654
27,2016-08-11,0.005857050602635532
28,2016-08-12,-0.00250447314643384
29,2016-08-15,0.004070347060309577
30,2016-08-16,-0.0041644860205773465
31,2016-08-17,0.0024978862691783133
32,2016-08-18,0.0008476074499316517
33,2016-08-19,-0.0025223723255436165
34,2016-08-22,-0.0008854190810346224
35,2016-08-23,0.0009519538428257177
36,2016-08-24,-0.0036998602660775733
37,2016-08-25,-0.0021680024289175057
38,2016-08-26,-0.002391076259299469
39,2016-08-29,0.006101669713186817
40,2016-08-30,-0.002244245562548762
41,2016-08-31,-0.0021709714516816012
42,2016-09-01,0.0014064027180440853
43,2016-09-02,0.003833080076286577
44,2016-09-06,0.0016175859300502464
45,2016-09-07,0.00048059384030821903
46,2016-09-08,-0.0022473982448311886
47,2016-09-09,-0.02217186081528924
48,2016-09-12,0.01336449807568162
49,2016-09-13,-0.012535136763061469
50,2016-09-14,-0.0028942646247304598
51,2016-09-15,0.009922830454544332
52,2016-09-16,-0.002662210969123041
53,2016-09-19,-0.0018193412530675638
54,2016-09-20,0.0008631918931928204
55,2016-09-21,0.007306316575667604
56,2016-09-22,0.005142340478121827
57,2016-09-23,-0.006121830575082255
58,2016-09-26,-0.009927959988799522
59,2016-09-27,0.007887631188083609
60,2016-09-28,0.005787904404772006
61,2016-09-29,-0.009700739267685965
62,2016-09-30,0.009777855817478812
63,2016-10-03,-0.002263155717581861
64,2016-10-04,-0.0033048039457731666
65,2016-10-05,0.005958515639047114
66,2016-10-06,-0.0009218121944435673
67,2016-10-07,-0.0012750973838866718
68,2016-10-10,0.004334924346586297
69,2016-10-11,-0.01090713304766565
70,2016-10-12,0.00020697561595696382
71,2016-10-13,-0.0028725908612466846
72,2016-10-14,0.0014696334950130582
73,2016-10-17,-0.0029404153440784875
74,2016-10-18,0.0031406500843433613
75,2016-10-19,1.7181703994745715e-05
76,2016-10-20,0.0008826490676309235
77,2016-10-21,-0.00042947825675879035
78,2016-10-24,0.005088696794947797
79,2016-10-25,-0.0026511054879873462
80,2016-10-26,0.003181861806416118
81,2016-10-27,-0.0014102632629190484
82,2016-10-28,-0.0005166017718067227
83,2016-10-31,-5.931134262349044e-05
84,2016-11-01,-0.005101653998741728
85,2016-11-02,-0.005088713135934276
86,2016-11-03,-0.001759570002321042
87,2016-11-04,-0.00250445237010762
88,2016-11-07,0.020198224272651305
89,2016-11-08,0.004062289044172195
90,2016-11-09,0.01384707887585245
91,2016-11-10,0.005989432849838483
92,2016-11-11,0.002270434715198941
93,2016-11-14,0.0007279692815069932
94,2016-11-15,0.005393766084858392
95,2016-11-16,0.00023952009740709504
96,2016-11-17,-0.00030532100589727193
97,2016-11-18,-0.001944505668613309
98,2016-11-21,0.006043080643179504
99,2016-11-22,0.0015174577426549528
100,2016-11-23,0.0020244726643733383
101,2016-11-25,0.0042376743119270635
102,2016-11-28,-0.0015921306670380136
103,2016-11-29,0.00014329473667855846
104,2016-11-30,-0.0021738562365402852
105,2016-12-01,0.0013777934527533068
106,2016-12-02,-0.0009790479871041571
107,2016-12-05,0.003841483579706894
108,2016-12-06,0.0011836261637407724
109,2016-12-07,0.014982758115765415
110,2016-12-08,0.0010101143501178905
111,2016-12-09,0.008258588865596963
112,2016-12-12,0.0021785994960901865
113,2016-12-13,0.006732514399912221
114,2016-12-14,-0.0069341129005969036
115,2016-12-15,0.003118944235229165
116,2016-12-16,-0.0012206114982897523
117,2016-12-19,0.0010419864780332607
118,2016-12-20,0.003537527794095258
119,2016-12-21,-0.0017930003093152476
120,2016-12-22,-0.0015401037882005052
121,2016-12-23,0.0010674386687208196
122,2016-12-27,0.0008455264955469112
123,2016-12-28,-0.005804490328042988
124,2016-12-29,0.00013163619472544857
125,2016-12-30,-0.0036351472072817846
126,2017-01-03,0.008509846603528194
127,2017-01-04,0.0025676705672490257
128,2017-01-05,-0.000605141163931887
129,2017-01-06,0.002181917211199108
130,2017-01-09,-0.002818850722636
131,2017-01-10,-0.001112856797378846
132,2017-01-11,0.004058623830672229
133,2017-01-12,-0.0029908873677102718
134,2017-01-13,0.00023298877180457015
135,2017-01-17,-0.0004084711812532904
136,2017-01-18,-0.0007060325347264285
137,2017-01-19,-0.004294628852263495
138,2017-01-20,0.004366024998334019
139,2017-01-23,-0.002028471237978146
140,2017-01-24,0.00613700259253751
141,2017-01-25,0.007053016736174677
142,2017-01-26,0.00010746386879649546
143,2017-01-27,0.0016052869032728504
144,2017-01-30,-0.005455888865910927
145,2017-01-31,-0.0032515194450194883
146,2017-02-01,0.000666922563755615
147,2017-02-02,0.0024236908536903624
148,2017-02-03,0.006365349601673303
149,2017-02-06,-0.0010338507258010202
150,2017-02-07,0.0012697950202778996
151,2017-02-08,0.0001781523299022719
152,2017-02-09,0.006864283006337294
153,2017-02-10,0.005277629824748614
154,2017-02-13,0.0067682736332571386
155,2017-02-14,0.004426784593293708
156,2017-02-15,0.004842938539506403
157,2017-02-16,0.0013767803527841762
158,2017-02-17,0.001246812236942057
159,2017-02-21,0.004855570864539664
160,2017-02-22,0.001233723474150187
161,2017-02-23,0.0009668925895924094
162,2017-02-24,0.002163611389396201
163,2017-02-27,-0.0010991155719687277
164,2017-02-28,-0.001602407321196528
165,2017-03-01,0.012193841242665718
166,2017-03-02,-0.004205597747396499
167,2017-03-03,-0.0016083180645032505
168,2017-03-06,-0.0022265331211543736
169,2017-03-07,-0.002108895027337004
170,2017-03-08,-0.0035025736001385605
171,2017-03-09,7.469495949887991e-05
172,2017-03-10,0.0029862585965886846
173,2017-03-13,-0.0008413083081766665
174,2017-03-14,-0.0015983579365527883
175,2017-03-15,0.00464600903247536
176,2017-03-16,-0.0015363134657657921
177,2017-03-17,-0.0007148683055450563
178,2017-03-20,0.00047388968813499296
179,2017-03-21,-0.010439955202074207
180,2017-03-22,-0.0014811756562221204
181,2017-03-23,0.0015654824202247274
182,2017-03-24,-0.0013319711913570998
183,2017-03-27,-0.0009551509831867449
184,2017-03-28,0.006479439058484651
185,2017-03-29,-0.0016321016071425389
186,2017-03-30,0.002254615546861465
187,2017-03-31,-0.002775528761872561
188,2017-04-03,-0.000932319749647447
189,2017-04-04,0.0018388146726986785
190,2017-04-05,-0.0018477000794947282
191,2017-04-06,0.000342180050870187
192,2017-04-07,0.0005843218637838865
193,2017-04-10,0.00034786961657833835
194,2017-04-11,0.00031894604007451805
195,2017-04-12,-0.0026775364458771107
196,2017-04-13,-0.006506084812464993
197,2017-04-17,0.008073548892585694
198,2017-04-18,-0.004444023924843119
199,2017-04-19,-0.005829462965392514
200,2017-04-20,0.007204851990408671
201,2017-04-21,-0.0026462202778502206
202,2017-04-24,0.010222224000420513
203,2017-04-25,0.008060111819251098
204,2017-04-26,-0.0007254205698746746
205,2017-04-27,0.00017348141819260117
206,2017-04-28,-0.0017652160343862063
207,2017-05-01,-0.00028605521537201315
208,2017-05-02,0.001227085943625923
209,2017-05-03,5.311882333425822e-05
210,2017-05-04,-0.002086711572349172
211,2017-05-05,0.002859128688602972
212,2017-05-08,-0.00025023505842342194
213,2017-05-09,-0.0018684690496749607
214,2017-05-10,-0.00026896596375385664
215,2017-05-11,-0.001216649326677659
216,2017-05-12,-0.0016592943654901479
217,2017-05-15,0.0028765538524130442
218,2017-05-16,-0.0006631019507355874
219,2017-05-17,-0.016126621496634647
220,2017-05-18,-5.408145692351637e-05
221,2017-05-19,0.006002656386048815
222,2017-05-22,0.0031987500541744637
223,2017-05-23,0.0020182963839831623
224,2017-05-24,0.0032728816327977943
225,2017-05-25,0.003597903629744497
226,2017-05-26,0.0001429234157443728
227,2017-05-30,-6.220686672397198e-06
228,2017-05-31,0.0023378225588832533
229,2017-06-01,0.006874256327824449
230,2017-06-02,0.0034698149338799507
231,2017-06-05,-0.0007796397360795792
232,2017-06-06,-0.0030932928494225246
233,2017-06-07,0.0016344357809681543
234,2017-06-08,-0.0005362915117716794
235,2017-06-09,0.007147944455339927
236,2017-06-12,-0.0005861784626396665
237,2017-06-13,0.0038803434488726344
238,2017-06-14,0.0010753847707176962
239,2017-06-15,-0.0029726907919189116
240,2017-06-16,-0.002436521398941326
241,2017-06-19,0.006937169664602258
242,2017-06-20,-0.0035360861233093544
243,2017-06-21,-0.0023841341436047865
244,2017-06-22,-0.0012677923425103445
245,2017-06-23,0.0005857068135601588
246,2017-06-26,0.0009653343225407328
247,2017-06-27,-0.005066640402773758
248,2017-06-28,0.007318471487122086
249,2017-06-29,-0.008236042121437455
250,2017-06-30,0.0070954125915922315
251,2017-07-03,0.0031120692677906203
252,2017-07-05,0.0016601193179571932
253,2017-07-06,-0.008315394661213567
254,2017-07-07,0.004088034114767506
255,2017-07-10,-0.0010234146128071282
256,2017-07-11,-0.0005249448738433364
257,2017-07-12,0.005543906685389307
258,2017-07-13,0.0022955940454827167
259,2017-07-14,0.0047903547611660635
260,2017-07-17,-0.0009730781714292365
261,2017-07-18,-0.0005515147626455197
262,2017-07-19,0.004941258387962955
263,2017-07-20,-0.00011115661353563577
264,2017-07-21,-0.0011505277031989376
265,2017-07-24,-0.0024157036718021265
266,2017-07-25,0.003721758032886448
267,2017-07-26,-0.0007240682962435747
268,2017-07-27,0.004267205407797878
269,2017-07-28,0.0024255045684406086
270,2017-07-31,0.002460390494066947
271,2017-08-01,0.004239169182288546
272,2017-08-02,0.0029215312800753308
273,2017-08-03,0.001217621494354693
274,2017-08-04,0.0025107071191451907
275,2017-08-07,0.0004918993473225061
276,2017-08-08,-0.001296351489451214
277,2017-08-09,-0.00094142192654278
278,2017-08-10,-0.00875484694013153
279,2017-08-11,0.0008485214465559593
280,2017-08-14,0.006264240084999834
281,2017-08-15,0.0004727393603580192
282,2017-08-16,0.0016229682941565381
283,2017-08-17,-0.013007905015151021
284,2017-08-18,-0.004647983743224736
285,2017-08-21,0.0019332157994244763
286,2017-08-22,0.00846774823926241
287,2017-08-23,-0.002322892013703479
288,2017-08-24,-0.002652482219966104
289,2017-08-25,0.0023539936386787804
290,2017-08-28,-2.8108520375664592e-06
291,2017-08-29,0.001863438093522169
292,2017-08-30,0.0015143635447937183
293,2017-08-31,0.0036058721420928782
294,2017-09-01,0.0011355659788966001
295,2017-09-05,-0.009353866122959149
296,2017-09-06,0.003165846226819034
297,2017-09-07,-0.0004749369220374422
298,2017-09-08,-0.0008361919627776844
299,2017-09-11,0.012891618237605177
300,2017-09-12,0.0033988576999012445
301,2017-09-13,0.0024436563269487383
302,2017-09-14,0.001903839613861621
303,2017-09-15,0.002754882306589175
304,2017-09-18,0.001281552566058235
305,2017-09-19,0.002553316808737337
306,2017-09-20,0.0008812498282883329
307,2017-09-21,-0.0029464762004307653
308,2017-09-22,0.0007257660839343689
309,2017-09-25,-0.001723214114868539
310,2017-09-26,-0.0011233945583276597
311,2017-09-27,0.0018459723298886385
312,2017-09-28,0.0023221928275174485
313,2017-09-29,0.00111668931826161
314,2017-10-02,0.006016841082219104
315,2017-10-03,0.003456263799230659
316,2017-10-04,0.0010583240773547054
317,2017-10-05,0.004571263258433793
318,2017-10-06,-0.002433926578867856
319,2017-10-09,-0.0015840964873016007
320,2017-10-10,0.002916115719647612
321,2017-10-11,0.0011780383017829686
322,2017-10-12,-0.0012550835561212076
323,2017-10-13,0.0007627894542099234
324,2017-10-16,0.0021127665747751037
325,2017-10-17,0.0004977372751473437
326,2017-10-18,0.0036911451936702065
327,2017-10-19,0.0016416228358999332
328,2017-10-20,0.0038694966141312034
329,2017-10-23,-0.00012100740270437743
330,2017-10-24,0.005470250033063469
331,2017-10-25,-0.003056874948971696
332,2017-10-26,0.0029389433336758325
333,2017-10-27,0.0018949240860833122
334,2017-10-30,-0.004064125862227711
335,2017-10-31,0.001618757219428626
336,2017-11-01,0.003765243260041161
337,2017-11-02,0.003000590557338501
338,2017-11-03,0.0013126639970523074
339,2017-11-06,-0.00037962323290876155
340,2017-11-07,0.0020736405179111045
341,2017-11-08,0.0015780078102829258
342,2017-11-09,-0.003824277064586416
343,2017-11-10,4.207846269439762e-05
344,2017-11-13,0.00011976325731532872
345,2017-11-14,-0.0007906988426849852
346,2017-11-15,-0.004290020222372481
347,2017-11-16,0.007974669641025464
348,2017-11-17,-0.004269304928325332
349,2017-11-20,0.0030508017530255457
350,2017-11-21,0.005845568855896489
351,2017-11-22,-0.0023528385849193073
352,2017-11-24,0.0013020038529753556
353,2017-11-27,0.0011252711442854544
354,2017-11-28,0.011115520214168088
355,2017-11-29,0.0038272134790958952
356,2017-11-30,0.011206884526571695
357,2017-12-01,0.0005013120614974899
358,2017-12-04,0.0032267919092559376
359,2017-12-05,-0.005255685753727651
360,2017-12-06,-0.000832759663132281
361,2017-12-07,-0.00017229554014516003
362,2017-12-08,0.0054331991582986
363,2017-12-11,0.004234890463028624
364,2017-12-12,0.00392921098319725
365,2017-12-13,0.0034323839539828266
366,2017-12-14,-0.0032754975812436353
367,2017-12-15,0.0066429643247307634
368,2017-12-18,0.00608451665575714
369,2017-12-19,-0.0008263652357402569
370,2017-12-20,-0.0002506826935500958
371,2017-12-21,0.0034626776860038747
372,2017-12-22,-0.0015577703281961924
373,2017-12-26,0.0007783692251123334
374,2017-12-27,0.0007411983029145263
375,2017-12-28,0.0018956246610935576
376,2017-12-29,-0.004492815747550099
377,2018-01-02,0.006408034522256075
378,2018-01-03,0.00486510060593065
379,2018-01-04,0.002102316330504135
380,2018-01-05,0.007528266137819244
381,2018-01-08,4.004305329482886e-05
382,2018-01-09,1.4534578792535635e-05
383,2018-01-10,-0.0006610956078361159
384,2018-01-11,0.00686904064426065
385,2018-01-12,0.008076111663680741
386,2018-01-16,0.0005500826872430899
387,2018-01-17,0.011199187691621159
388,2018-01-18,-0.0009699018807240129
389,2018-01-19,0.003154290074704584
390,2018-01-22,0.005034280279093079
391,2018-01-23,2.5966615074190976e-05
392,2018-01-24,0.001135423829051793
393,2018-01-25,0.004230883173556421
394,2018-01-26,0.011295131935333252
395,2018-01-29,-0.006658590621192654
396,2018-01-30,-0.012660590672790387
397,2018-01-31,4.229600931104823e-05
398,2018-02-01,0.001107432263908993
399,2018-02-02,-0.025227002575373594
400,2018-02-05,-0.04542906731530175
401,2018-02-06,0.019465513577957307
402,2018-02-07,-0.0009555919903187245
403,2018-02-08,-0.03864616000640418
404,2018-02-09,0.016217190451320293
405,2018-02-12,0.016695820296769893
406,2018-02-13,0.00047659900558119514
407,2018-02-14,0.011056098696295853
408,2018-02-15,0.012772191682869914
409,2018-02-16,0.0012026498863140808
410,2018-02-20,-0.01295520149743481
411,2018-02-21,-0.008832667201719045
412,2018-02-22,0.005730625013140072
413,2018-02-23,0.016269411206446257
414,2018-02-26,0.016133913488405368
415,2018-02-27,-0.011303670968071399
416,2018-02-28,-0.013286687155490086
417,2018-03-01,-0.012241380409915967
418,2018-03-02,-0.00037658921040285213
419,2018-03-05,0.011622759260157224
420,2018-03-06,0.0006796497273703283
421,2018-03-07,-0.002134328172263533
422,2018-03-08,0.005318218350147871
423,2018-03-09,0.01736547546204696
424,2018-03-12,-0.005627968317361301
425,2018-03-13,-0.006431058250928876
426,2018-03-14,-0.00820624431100664
427,2018-03-15,0.0013054165413816034
428,2018-03-16,0.003159328494004452
429,2018-03-19,-0.014103176074154278
430,2018-03-20,0.003973624737658644
431,2018-03-21,-0.0022659421065827122
432,2018-03-22,-0.026956639054852956
433,2018-03-23,-0.018163575219637386
434,2018-03-26,0.026754784801593774
435,2018-03-27,-0.012497034130042379
436,2018-03-28,-0.0009898438457028472
437,2018-03-29,0.01180289289629117
438,2018-04-02,-0.021045228007570388
439,2018-04-03,0.01656421899597601
440,2018-04-04,0.010691943480969869
441,2018-04-05,0.008866668318113358
442,2018-04-06,-0.022384990617336117
443,2018-04-09,0.0028958352294896263
444,2018-04-10,0.01638229614806214
445,2018-04-11,-0.005908160395386717
446,2018-04-12,0.011477193549286065
447,2018-04-13,-0.0029022545907764663
448,2018-04-16,0.009794857051480017
449,2018-04-17,0.007275094971993129
450,2018-04-18,-0.0012164959471761187
451,2018-04-19,-0.004482488220792965
452,2018-04-20,-0.008647594923687822
453,2018-04-23,0.0017278161608110898
454,2018-04-24,-0.012002415729581915
455,2018-04-25,0.00037544012651006186
456,2018-04-26,0.011849419129923704
457,2018-04-27,0.00033863595231286843
458,2018-04-30,-0.007307082719473394
459,2018-05-01,-0.0026602438719185036
460,2018-05-02,-0.010322171021089064
461,2018-05-03,-0.0023769589534282645
462,2018-05-04,0.01356615762028375
463,2018-05-07,0.0021827665904344553
464,2018-05-08,-0.0010281709163097283
465,2018-05-09,0.0067686230931568595
466,2018-05-10,0.009012079099590113
467,2018-05-11,0.00401160831355806
468,2018-05-14,0.0026000077381619757
469,2018-05-15,-0.006907364388120011
470,2018-05-16,0.004922668748734013
471,2018-05-17,-0.0012690411819550663
472,2018-05-18,-0.0033457790150224
473,2018-05-21,0.010236758837558167
474,2018-05-22,-0.004140515729841937
475,2018-05-23,0.0016740853106250253
476,2018-05-24,-0.003417022587511913
477,2018-05-25,-0.001983661587457433
478,2018-05-29,-0.013504919933129376
479,2018-05-30,0.013343203143847317
480,2018-05-31,-0.009324726489357707
481,2018-06-01,0.01027890300173366
482,2018-06-04,0.007351103781705409
483,2018-06-05,-0.0015305637561693645
484,2018-06-06,0.012028237359660583
485,2018-06-07,0.0030864673079189953
486,2018-06-08,0.0028920698271332106
487,2018-06-11,2.8740589273492767e-05
488,2018-06-12,-0.0002129653898365705
489,2018-06-13,-0.003699998420000697
490,2018-06-14,-0.0012362038070291798
491,2018-06-15,-0.0015856279773060046
492,2018-06-18,-0.006276281532876874
493,2018-06-19,-0.006949374489273452
494,2018-06-20,-0.0007038515401209299
495,2018-06-21,-0.007258092577340256
496,2018-06-22,0.004816342242603437
497,2018-06-25,-0.012172318383389492
498,2018-06-26,0.0019647743129235047
499,2018-06-27,-0.007274939251748817
500,2018-06-28,0.004335552201211144
501,2018-06-29,0.002570629472722864
502,2018-07-02,0.0005756748768048212
503,2018-07-03,-0.005102936523050765
504,2018-07-05,0.009521380661886635
505,2018-07-06,0.004331791036277975
506,2018-07-09,0.010319230625009192
507,2018-07-10,0.006465973168975869
508,2018-07-11,-0.00680428664166878
509,2018-07-12,0.00764780499064697
510,2018-07-13,0.0028996628074579606
511,2018-07-16,9.420063239009319e-05
512,2018-07-17,0.003565662125204709
513,2018-07-18,0.0021078906752892423
514,2018-07-19,-0.005222881906759374
515,2018-07-20,-0.000709777269264188
516,2018-07-23,-0.0004352485679068232
517,2018-07-24,0.007038806617104206
518,2018-07-25,0.009593541025314005
519,2018-07-26,0.004767260223225843
520,2018-07-27,-0.005394655987111918
521,2018-07-30,-0.003326575870741755
522,2018-07-31,0.0035260738182066676
523,2018-08-01,-0.004180601942878969
524,2018-08-02,0.000786597211619764
525,2018-08-03,0.0071472487141013745
526,2018-08-06,0.0021492983911725423
527,2018-08-07,0.004113671727377818
528,2018-08-08,-0.0011305269473175237
529,2018-08-09,-0.0023558368261321974
530,2018-08-10,-0.0069463364767600785
531,2018-08-13,-0.00507414770307891
532,2018-08-14,0.004531304977425783
533,2018-08-15,-0.004070640102624278
534,2018-08-16,0.01631845894501836
535,2018-08-17,0.00472672836922706
536,2018-08-20,0.003313586791405718
537,2018-08-21,0.0016009654090812578
538,2018-08-22,-0.0025205234327620217
539,2018-08-23,-0.0018737154115454266
540,2018-08-24,0.005839231727910252
541,2018-08-27,0.008583838793322958
542,2018-08-28,0.0005551670890227726
543,2018-08-29,0.002969088620767904
544,2018-08-30,-0.004822805367167357
545,2018-08-31,0.00017208703555415675
546,2018-09-04,-0.0033283358086818797
547,2018-09-05,0.00045167461059356567
548,2018-09-06,0.0014263967168849946
549,2018-09-07,-0.0019523838766560462
550,2018-09-10,0.0014961958941773392
551,2018-09-11,0.003007298321378392
552,2018-09-12,0.0020705247072852428
553,2018-09-13,0.004426438600482715
554,2018-09-14,-0.0008767692510508014
555,2018-09-17,-0.002108570336710805
556,2018-09-18,0.006021073640370438
557,2018-09-19,0.0037462066248339244
558,2018-09-20,0.011428528031648568
559,2018-09-21,0.003132520960589206
560,2018-09-24,-0.005176194532923024
561,2018-09-25,-0.0037306248837960573
562,2018-09-26,-0.003991206799134941
563,2018-09-27,0.0017612862560631721
564,2018-09-28,0.0009059185974953319
565,2018-10-01,0.0044216267070204705
566,2018-10-02,0.005473367252691702
567,2018-10-03,0.000536224199253144
568,2018-10-04,-0.007709005338418721
569,2018-10-05,-0.006542720827168717
570,2018-10-08,0.002670619332227597
571,2018-10-09,-0.001807874907566128
572,2018-10-10,-0.03018665148870692
573,2018-10-11,-0.02062413786239962
574,2018-10-12,0.012634867456770511
575,2018-10-15,-0.0035108578659891
576,2018-10-16,0.022039889406526517
577,2018-10-17,-0.005284729098784992
578,2018-10-18,-0.0123992997693671
579,2018-10-19,0.0028753490480031233
580,2018-10-22,-0.0030204633376881753
581,2018-10-23,-0.004453680239896494
582,2018-10-24,-0.026014084735120548
583,2018-10-25,0.013582240173707119
584,2018-10-26,-0.011538453276288463
585,2018-10-29,-0.0029314682711551877
586,2018-10-30,0.018986541875904574
587,2018-10-31,0.009764132354945316
588,2018-11-01,0.008683335694851933
589,2018-11-02,-0.0030712845353937264
590,2018-11-05,0.010604044999320003
591,2018-11-06,0.005263003860923633
592,2018-11-07,0.02140308315146394
593,2018-11-08,0.0021111054285677332
594,2018-11-09,-0.006580350574647716
595,2018-11-12,-0.019298912762522102
596,2018-11-13,-0.0032994171600994617
597,2018-11-14,-0.006960760802968664
598,2018-11-15,0.011501614510937756
599,2018-11-16,0.006787043739811236
600,2018-11-19,-0.009764664560349998
601,2018-11-20,-0.022099483110317605
602,2018-11-21,0.000371020987530154
603,2018-11-23,-0.006167479374629805
604,2018-11-26,0.013995391448057542
605,2018-11-27,0.0034206322137574265
606,2018-11-28,0.023402819900609603
607,2018-11-29,-0.002163264797403751
608,2018-11-30,0.0084378911689592
609,2018-12-03,0.008456474319688746
610,2018-12-04,-0.028710828179503083
611,2018-12-06,-0.0018657390698133482
612,2018-12-07,-0.02164096836039579
613,2018-12-10,0.0023530123012625395
614,2018-12-11,-0.001104654807958166
615,2018-12-12,0.0063348601297898875
616,2018-12-13,0.002500535916031544
617,2018-12-14,-0.01836098293753904
618,2018-12-17,-0.022293201973984014
619,2018-12-18,0.0014897816475523042
620,2018-12-19,-0.013812723366853847
621,2018-12-20,-0.018346313511256117
622,2018-12-21,-0.012826092945463106
623,2018-12-24,-0.031227031539615167
624,2018-12-26,0.049946824010495966
625,2018-12-27,0.011238709437069625
626,2018-12-28,-0.0035780096579457903
627,2018-12-31,0.009913141778159133
628,2019-01-02,0.0012564418492200125
629,2019-01-03,-0.02706467269779878
630,2019-01-04,0.032837195889131
631,2019-01-07,0.003700822401565945
632,2019-01-08,0.009271266442589025
633,2019-01-09,0.0026816103777086496
634,2019-01-10,0.002973867967602662
635,2019-01-11,-0.0006804812835989888
636,2019-01-14,-0.004697051266111697
637,2019-01-15,0.007502479205143487
638,2019-01-16,0.0054399310744764
639,2019-01-17,0.008221498735140616
640,2019-01-18,0.012203226631160398
641,2019-01-22,-0.012183083226971958
642,2019-01-23,0.006570630794041672
643,2019-01-24,-0.0025286063666491295
644,2019-01-25,0.004872411139309837
645,2019-01-28,-0.006646495961198812
646,2019-01-29,0.003940669630138564
647,2019-01-30,0.013137795786672294
648,2019-01-31,0.00076813489991574
649,2019-02-01,0.005000897225063691
650,2019-02-04,0.005141773576805922
651,2019-02-05,0.004679272586957321
652,2019-02-06,-0.002147777310950551
653,2019-02-07,-0.008046535578933901
654,2019-02-08,-0.0008696381958960204
655,2019-02-11,-0.0015828003273725246
656,2019-02-12,0.014926250752882342
657,2019-02-13,0.004682544696779683
658,2019-02-14,-0.0031013760990540803
659,2019-02-15,0.017329786821990666
660,2019-02-19,0.0022270177234578266
661,2019-02-20,0.0013452517454391648
662,2019-02-21,-0.003092659526903893
663,2019-02-22,0.007190403943815191
664,2019-02-25,0.003550660568061036
665,2019-02-26,3.392830654414118e-05
666,2019-02-27,-0.00216393920126853
667,2019-02-28,-0.0013430891755985416
668,2019-03-01,0.0037501933886933507
669,2019-03-04,-0.005129379042849327
670,2019-03-05,-0.0023784854722934262
671,2019-03-06,-0.005603724137598455
672,2019-03-07,-0.007116207010898638
673,2019-03-08,-0.0016808664328937257
674,2019-03-11,0.01335847841272116
675,2019-03-12,-0.0004831041429137266
676,2019-03-13,0.006285767264002676
677,2019-03-14,6.493246046926745e-05
678,2019-03-15,0.005157993880815789
679,2019-03-18,0.0027698168817586652
680,2019-03-19,-0.0023567786096313392
681,2019-03-20,-0.005523950336148868
682,2019-03-21,0.009766712169003416
683,2019-03-22,-0.016335182549119243
684,2019-03-25,-0.0005081440565742105
685,2019-03-26,0.00713767349222378
686,2019-03-27,-0.001882987751325998
687,2019-03-28,0.003040845235193376
688,2019-03-29,0.007370866464030441
689,2019-04-01,0.011852427873019896
690,2019-04-02,-0.008318420798380816
691,2019-04-03,0.002678920200231496
692,2019-04-04,0.003063961043939176
693,2019-04-05,0.003472622887075477
694,2019-04-08,0.0004623989336892161
695,2019-04-09,-0.006053695933381359
696,2019-04-10,0.001889312687968212
697,2019-04-11,-0.0009802878555469992
698,2019-04-12,0.0058918425584432305
699,2019-04-15,0.0011158033543051703
700,2019-04-16,0.003373305605757111
701,2019-04-17,0.0026261891104033546
702,2019-04-18,0.0037032152232236533
703,2019-04-22,-0.003875451507155343
704,2019-04-23,0.005488341028130929
705,2019-04-24,-0.0017001096780685698
706,2019-04-25,-0.0005165172947127381
707,2019-04-26,0.0005882312708954172
708,2019-04-29,-0.0002557070902415378
709,2019-04-30,0.004012113327683504
710,2019-05-01,-0.007938653849188225
711,2019-05-02,-0.004698831395814878
712,2019-05-03,0.007395492518630649
713,2019-05-06,-0.00217493699215461
714,2019-05-07,-0.016260019050822805
715,2019-05-08,-0.0016312876424594475
716,2019-05-09,-0.005307471567022049
717,2019-05-10,0.005435064665328731
718,2019-05-13,-0.02264497932076859
719,2019-05-14,0.008463048614933006
720,2019-05-15,0.0034300618146238014
721,2019-05-16,0.009031720303149573
722,2019-05-17,-0.004761012949005438
723,2019-05-20,-0.0020424571160775
724,2019-05-21,0.0067341804999523774
725,2019-05-22,-0.0009944306185991907
726,2019-05-23,-0.011371076344308912
727,2019-05-24,0.0034850465748455994
728,2019-05-28,-0.008697775687338302
729,2019-05-29,-0.007574957494147017
730,2019-05-30,0.0008646292993699434
731,2019-05-31,-0.013729558145118729
732,2019-06-03,0.008336059213659654
733,2019-06-04,0.018217324592258496
734,2019-06-05,0.008773217165931409
735,2019-06-06,0.00446961777812991
736,2019-06-07,0.01054845787016861
737,2019-06-10,0.0031725299358571746
738,2019-06-11,-0.0004801165006368589
739,2019-06-12,-0.0018625890461276256
740,2019-06-13,0.003367873242021254
741,2019-06-14,-0.0004263635096537291
742,2019-06-17,-0.00036421161057780937
743,2019-06-18,0.009574657941671984
744,2019-06-19,0.0018269961283647951
745,2019-06-20,0.010141414799085839
746,2019-06-21,0.0006273502334886774
747,2019-06-24,-3.276746498742886e-05
748,2019-06-25,-0.006665975758327265
749,2019-06-26,-0.0010872470826046353
750,2019-06-27,0.0019411892371920963
751,2019-06-28,0.004551589210746862
752,2019-07-01,0.005581405139116399
753,2019-07-02,0.003245686544844578
754,2019-07-03,0.0064024962277093155
755,2019-07-05,-0.0019098930402276658
756,2019-07-08,-0.004396724341653711
757,2019-07-09,-0.0019251039508068665
758,2019-07-10,0.00397945374808025
759,2019-07-11,0.004094310569602165
760,2019-07-12,0.007706384724718687
761,2019-07-15,0.0013484953413736614
762,2019-07-16,-0.0028597553428396033
763,2019-07-17,-0.006997736037287323
764,2019-07-18,0.002721779597831099
765,2019-07-19,-0.0034144760467699478
766,2019-07-22,-0.0005389921663180074
767,2019-07-23,0.007535776317778389
768,2019-07-24,0.0006877200852844705
769,2019-07-25,-0.0038811329054195564
770,2019-07-26,0.002997221425319004
771,2019-07-29,0.002228329221411928
772,2019-07-30,-0.002555637598462688
773,2019-07-31,-0.013229835170931774
774,2019-08-01,-0.010410867409030881
775,2019-08-02,-0.006750538069532179
776,2019-08-05,-0.029081620135322752
777,2019-08-06,0.012853043541288623
778,2019-08-07,0.00010690330915747413
779,2019-08-08,0.014233629998899586
780,2019-08-09,-0.006179105266710137
781,2019-08-12,-0.014141343819177551
782,2019-08-13,0.015339392981787516
783,2019-08-14,-0.02882991543625225
784,2019-08-15,-0.0005445057598327557
785,2019-08-16,0.0121857080903976
786,2019-08-19,0.010664102524783
787,2019-08-20,-0.0080573448289156
788,2019-08-21,0.00926839971579725
789,2019-08-22,0.0020674514831912124
790,2019-08-23,-0.02532728143872003
791,2019-08-26,0.010792757895183597
792,2019-08-27,-0.0036121621334286092
793,2019-08-28,0.009834847128440233
794,2019-08-29,0.012777376431209693
795,2019-08-30,0.0029718312286060957
796,2019-09-03,-0.0059940848092567564
797,2019-09-04,0.011088308628687352
798,2019-09-05,0.01446053311760588
799,2019-09-06,0.002790483349569552
800,2019-09-09,0.005753629310051169
801,2019-09-10,0.001099910930240567
802,2019-09-11,0.006483368839849014
803,2019-09-12,0.0025406320430170276
804,2019-09-13,0.0015545566715030354
805,2019-09-16,-0.005501862694830753
806,2019-09-17,-0.0006822559172546766
807,2019-09-18,0.0011682293294583872
808,2019-09-19,-0.0016232986663914182
809,2019-09-20,-0.004107813961311488
810,2019-09-23,0.000910437107584368
811,2019-09-24,-0.005137980438565815
812,2019-09-25,0.005844333572384248
813,2019-09-26,-0.0027945076235254846
814,2019-09-27,-0.0019382638817285096
815,2019-09-30,0.004109739708457166
816,2019-10-01,-0.013598654211739693
817,2019-10-02,-0.018077753131806748
818,2019-10-03,0.006388280490632504
819,2019-10-04,0.01415534256789471
820,2019-10-07,-0.0036533522281939684
821,2019-10-08,-0.01394386626514394
822,2019-10-09,0.007397146495552215
823,2019-10-10,0.005916599516718872
824,2019-10-11,0.012095277132269329
825,2019-10-14,-0.0019205799898850903
826,2019-10-15,0.010867027495380795
827,2019-10-16,0.0009673154835561031
828,2019-10-17,-0.0008314684861857447
829,2019-10-18,-0.008190384801740381
830,2019-10-21,0.0030123906934465725
831,2019-10-22,-0.0043979383346170586
832,2019-10-23,0.002462032110897876
833,2019-10-24,-0.004326531254795238
834,2019-10-25,0.011408733249569685
835,2019-10-28,0.0050837964124789674
836,2019-10-29,0.0008711497464532077
837,2019-10-30,0.005427246984729137
838,2019-10-31,-0.004361862478654782
839,2019-11-01,0.00942600334783482
840,2019-11-04,0.0021425779773345697
841,2019-11-05,0.0009334419554458304
842,2019-11-06,-0.0021538023212763257
843,2019-11-07,0.005238687142591665
844,2019-11-08,0.0002723547934122164
845,2019-11-11,6.721317841392856e-05
846,2019-11-12,0.00026644932562646143
847,2019-11-13,0.004011567429443309
848,2019-11-14,-0.0022192653649923404
849,2019-11-15,0.005410647371075112
850,2019-11-18,0.001937625432025211
851,2019-11-19,-0.004025015590078039
852,2019-11-20,-0.004421163307375136
853,2019-11-21,0.0007389657583571433
854,2019-11-22,0.003913166705390262
855,2019-11-25,0.004106621116767688
856,2019-11-26,0.002953749197877733
857,2019-11-27,0.003255200206324037
858,2019-11-29,-0.003517684961250373
859,2019-12-02,-0.00678074621419157
860,2019-12-03,-0.010151639049770733
861,2019-12-04,0.006247740890423968
862,2019-12-05,0.0004389182835735746
863,2019-12-06,0.011476924230080107
864,2019-12-09,-0.0026518297913237514
865,2019-12-10,-0.0006293960066045408
866,2019-12-11,0.0014824496064055111
867,2019-12-12,0.01026924753160709
868,2019-12-13,-0.00028079669160065385
869,2019-12-16,0.004323851727000312
870,2019-12-17,0.0003800155169370309
871,2019-12-18,-0.00221396040351758
872,2019-12-19,0.0046732300958127766
873,2019-12-20,0.004350968174045916
874,2019-12-23,0.0007286200607085617
875,2019-12-24,-0.0010579377313757951
876,2019-12-26,0.003931572974869311
877,2019-12-27,0.0016597152212991062
878,2019-12-30,-0.006922400586231523
879,2019-12-31,0.004392848206653484
880,2020-01-02,0.009128285171050132
881,2020-01-03,-0.0089123779723329
882,2020-01-06,0.0017535910633604582
883,2020-01-07,-0.004809223965821944
884,2020-01-08,0.0029115172447411655
885,2020-01-09,0.006596766945484423
886,2020-01-10,-0.0037434499806094095
887,2020-01-13,0.005250313924680271
888,2020-01-14,0.0015416902107811587
889,2020-01-15,0.004102554146304351
890,2020-01-16,0.00857850229503179
891,2020-01-17,0.002504466277589577
892,2020-01-21,-0.0034541540176039587
893,2020-01-22,0.0008397172101942094
894,2020-01-23,-8.682004395216779e-05
895,2020-01-24,-0.007045918427137316
896,2020-01-27,-0.014374073348021496
897,2020-01-28,0.00742790126032112
898,2020-01-29,-0.0038264263416799248
899,2020-01-30,0.0022865316220197357
900,2020-01-31,-0.019640601461601022
901,2020-02-03,0.004749958093724092
902,2020-02-04,0.012823588944411228
903,2020-02-05,0.01874099240008395
904,2020-02-06,0.001451685369841435
905,2020-02-07,-0.008255640018617219
906,2020-02-10,0.004695286351404089
907,2020-02-11,0.0010410118995697773
908,2020-02-12,0.00837238989472074
909,2020-02-13,-0.0055135835719171055
910,2020-02-14,-0.0002855292786634009
911,2020-02-18,-0.005267639550810199
912,2020-02-19,0.0034690336465721307
913,2020-02-20,-0.005363761860510129
914,2020-02-21,-0.006732169437767323
915,2020-02-24,-0.03386146704632088
916,2020-02-25,-0.03174233249184429
917,2020-02-26,-0.004426958718978422
918,2020-02-27,-0.04289873595094165
919,2020-02-28,-0.014454933706069045
920,2020-03-02,0.047649576136430026
921,2020-03-03,-0.029946606957699556
922,2020-03-04,0.04179178300422001
923,2020-03-05,-0.03424196232372844
924,2020-03-06,-0.010376947785655545
925,2020-03-09,-0.07488649544546733
926,2020-03-10,0.0474595492009427
927,2020-03-11,-0.05336366721450271
928,2020-03-12,-0.09837372684549217
929,2020-03-13,0.10229397898794859
930,2020-03-16,-0.10796038171531333
931,2020-03-17,0.05769723466076227
932,2020-03-18,-0.06924869537932662
933,2020-03-19,0.00579563262455308
934,2020-03-20,-0.04267333946784823
935,2020-03-23,-0.03279071831150642
936,2020-03-24,0.11924199236210006
937,2020-03-25,0.016544229452662467
938,2020-03-26,0.06851122175144916
939,2020-03-27,-0.0399141262793355
940,2020-03-30,0.037085282630349034
941,2020-03-31,-0.014838870760413807
942,2020-04-01,-0.04159963163912034
943,2020-04-02,0.029151879026272327
944,2020-04-03,-0.018911945106657113
945,2020-04-06,0.0724489998325317
946,2020-04-07,0.0007606232140689091
947,2020-04-08,0.03555330637823714
948,2020-04-09,0.013429572546524961
949,2020-04-13,-0.012180094353231714
950,2020-04-14,0.023158840491579475
951,2020-04-15,-0.027568202462902886
952,2020-04-16,-0.0009768795739653097
953,2020-04-17,0.04032159957817252
954,2020-04-20,-0.0237282014308568
955,2020-04-21,-0.025428851025478177
956,2020-04-22,0.019149927501617415
957,2020-04-23,0.005030890123518803
958,2020-04-24,0.009086186320090913
959,2020-04-27,0.016807127979044285
960,2020-04-28,0.002995415627485671
961,2020-04-29,0.024297613038281787
962,2020-04-30,-0.016439928278389877
963,2020-05-01,-0.029739251812458584
964,2020-05-04,0.00012113979635525554
965,2020-05-05,0.00490892623065355
966,2020-05-06,-0.012278352682932809
967,2020-05-07,0.007825656200826002
968,2020-05-08,0.022134569278447487
969,2020-05-11,-0.007365594544250876
970,2020-05-12,-0.019810007910430142
971,2020-05-13,-0.021515600785490613
972,2020-05-14,0.016594600118728674
973,2020-05-15,-0.0003369622063133567
974,2020-05-18,0.0401216490138791
975,2020-05-19,-0.015378784049831791
976,2020-05-20,0.015390414345234424
977,2020-05-21,-0.004344473306410352
978,2020-05-22,-0.0009703152898647785
979,2020-05-26,0.02486258848939148
980,2020-05-27,0.021333874152193264
981,2020-05-28,-0.002204049472089434
982,2020-05-29,0.0027925518636026467
983,2020-06-01,0.0022204103732979767
984,2020-06-02,0.011391922128428933
985,2020-06-03,0.0189088400375116
986,2020-06-04,0.003823607684414762
987,2020-06-05,0.03327303883014243
988,2020-06-08,0.02023891330989351
989,2020-06-09,-0.015050784734516888
990,2020-06-10,-0.013402300008282013
991,2020-06-11,-0.06544679636431326
992,2020-06-12,0.017097775994532043
993,2020-06-15,0.005273731600512231
994,2020-06-16,0.0184925544915702
995,2020-06-17,-0.006872095367032416
996,2020-06-18,-0.0013933283760653426
997,2020-06-19,-0.007038259229601736
998,2020-06-22,0.0041751612608802585
999,2020-06-23,0.0015383635369523975
1000,2020-06-24,-0.02687471005838897
1001,2020-06-25,0.009460622482352255
1002,2020-06-26,-0.025988370472745007
1003,2020-06-29,0.021038895909905476
1004,2020-06-30,0.006874659819307833
1005,2020-07-01,-0.0041558836917061906
1006,2020-07-02,0.005961474128023922
1007,2020-07-06,0.01743056706069173
1008,2020-07-07,-0.016293692865244767
1009,2020-07-08,0.003143383166513962
1010,2020-07-09,-0.016841222939449813
1011,2020-07-10,0.016651970391104526
1012,2020-07-13,-4.5874856222465556e-05
1013,2020-07-14,0.019600449861338222
1014,2020-07-15,0.010361654180179553
1015,2020-07-16,-0.00209586094153892
1016,2020-07-17,1.9628931170115457e-05
1017,2020-07-20,-0.003794184636345405
1018,2020-07-21,0.011241745567856783
1019,2020-07-22,0.006526542412968114
1020,2020-07-23,-0.008978247507879997
1021,2020-07-24,-0.010087099823027357
1022,2020-07-27,0.0026857579412405273
1023,2020-07-28,-0.004930820767798554
1024,2020-07-29,0.004820576835985601
1025,2020-07-30,-0.010407542687872081
1026,2020-07-31,0.00023064736820326107
1027,2020-08-03,0.005099048174228928
1028,2020-08-04,0.004563738575806166
1029,2020-08-05,0.0146441468332552
1030,2020-08-06,0.0029205070841460718
1031,2020-08-07,0.004524153800271809
1032,2020-08-10,0.0165696936541417
1033,2020-08-11,-0.0022473274476603492
1034,2020-08-12,0.008410357805259575
1035,2020-08-13,-0.007664941882302917
1036,2020-08-14,0.002922232116733584
1037,2020-08-17,-0.005739724464859592
1038,2020-08-18,-0.0036590827807799174
1039,2020-08-19,-0.004687185638321665
1040,2020-08-20,0.000743221552016274
1041,2020-08-21,0.00028106922209668995
1042,2020-08-24,0.015537715824315571
1043,2020-08-25,-0.0037046701708201082
1044,2020-08-26,-0.0007125847820015276
1045,2020-08-27,0.008580845866264938
1046,2020-08-28,0.006513605859514071
1047,2020-08-31,-0.009631985906093722
1048,2020-09-01,0.004489114945826099
1049,2020-09-02,0.01761115594749849
1050,2020-09-03,-0.022060174513317203
1051,2020-09-04,-0.0027723744273960415
1052,2020-09-08,-0.021094448177723858
1053,2020-09-09,0.012816324973959818
1054,2020-09-10,-0.01281787238400232
1055,2020-09-11,0.00692604535718706
1056,2020-09-14,0.010036655460902717
1057,2020-09-15,-0.0016923209428963623
1058,2020-09-16,0.006518936677481761
1059,2020-09-17,-0.0022973936152510736
1060,2020-09-18,-0.008715487999267026
1061,2020-09-21,-0.022759989720019448
1062,2020-09-22,0.004379065606117083
1063,2020-09-23,-0.019929419512685155
1064,2020-09-24,0.002144783873978237
1065,2020-09-25,0.010979965123215803
1066,2020-09-28,0.016224866808171146
1067,2020-09-29,-0.008649343380941739
1068,2020-09-30,0.010105032786949058
1069,2020-10-01,-0.001188732575887284
1070,2020-10-02,-0.001144915757832534
1071,2020-10-05,0.014963839611767187
1072,2020-10-06,-0.014264857985341727
1073,2020-10-07,0.015789482079711377
1074,2020-10-08,0.011404090585868004
1075,2020-10-09,0.0026149269263802295
1076,2020-10-12,0.009220116757861297
1077,2020-10-13,-0.006295176728714606
1078,2020-10-14,-0.0039298703845685725
1079,2020-10-15,0.001754539713021874
1080,2020-10-16,0.004761677255116963
1081,2020-10-19,-0.01258865189825082
1082,2020-10-20,0.00450439539619697
1083,2020-10-21,-0.006100587964887905
1084,2020-10-22,0.010933137341571008
1085,2020-10-23,-0.004182955967441825
1086,2020-10-26,-0.02215029339085131
1087,2020-10-27,-0.015320725383130899
1088,2020-10-28,-0.031401921529270425
1089,2020-10-29,0.007292640502331989
1090,2020-10-30,-0.0010888240889422964
1091,2020-11-02,0.017188804202402614
1092,2020-11-03,0.01927874350498102
1093,2020-11-04,0.006511239794820263
1094,2020-11-05,0.020082411648254365
1095,2020-11-06,-0.0022179580062561353
1096,2020-11-09,0.04942186938738315
1097,2020-11-10,0.010728794334816587
1098,2020-11-11,-0.0029274989424954425
1099,2020-11-12,-0.013087059139997893
1100,2020-11-13,0.021070778595522557
1101,2020-11-16,0.02109410376756555
1102,2020-11-17,-0.0042283564197960755
1103,2020-11-18,-0.011411985701319259
1104,2020-11-19,0.0016113790400267166
1105,2020-11-20,-0.0039925481743440265
1106,2020-11-23,0.014934454942041346
1107,2020-11-24,0.019541126175392252
1108,2020-11-25,-0.002696200330128393
1109,2020-11-27,-0.0006224571526735913
1110,2020-11-30,-0.007586518004929089
1111,2020-12-01,0.008623033676290312
1112,2020-12-02,0.00968947827623055
1113,2020-12-03,0.00651367838551062
1114,2020-12-04,0.010044983986355064
1115,2020-12-07,-0.007382569947311279
1116,2020-12-08,0.006980999196416969
1117,2020-12-09,-0.002413554549254694
1118,2020-12-10,-0.0006848848085256451
1119,2020-12-11,-0.00011285967082999863
1120,2020-12-14,-0.008280442171793816
1121,2020-12-15,0.011921816148997698
1122,2020-12-16,-0.0009598223453891158
1123,2020-12-17,0.003351944127690347
1124,2020-12-18,-0.0038673089974501024
1125,2020-12-21,-0.0027051798970987397
1126,2020-12-22,-0.00717022173538996
1127,2020-12-23,0.0064401466851598775
1128,2020-12-24,0.00193975534268144
1129,2020-12-28,0.007013152455011048
1130,2020-12-29,-0.0010907336977862257
1131,2020-12-30,0.0034046431570320837
1132,2020-12-31,0.006372808567328594
1133,2021-01-04,-0.011378373858373656
1134,2021-01-05,0.01011478954196095
1135,2021-01-06,0.01140989716592752
1136,2021-01-07,0.01095334393559529
1137,2021-01-08,0.0005331309609503209
1138,2021-01-11,0.0018500636200614751
1139,2021-01-12,0.005109205815337266
1140,2021-01-13,-0.002081840176345325
1141,2021-01-14,3.325504639986273e-05
1142,2021-01-15,-0.009917677207264742
1143,2021-01-19,0.00483277950913931
1144,2021-01-20,0.006988437753995757
1145,2021-01-21,-0.004612873324393585
1146,2021-01-22,-0.009775041831598415
1147,2021-01-25,-0.0008124468544739437
1148,2021-01-26,9.966570598868708e-05
1149,2021-01-27,-0.016552265685653156
1150,2021-01-28,0.012197129768168636
1151,2021-01-29,-0.019361672136525242
1152,2021-02-01,0.005267606670127088
1153,2021-02-02,0.015558553039677807
1154,2021-02-03,0.0024318390515840685
1155,2021-02-04,0.015509305880133474
1156,2021-02-05,0.0031103357919338194
1157,2021-02-08,0.009633202059604067
1158,2021-02-09,-0.0009417564314716824
1159,2021-02-10,0.0016402012903602456
1160,2021-02-11,-0.0012859562529662942
1161,2021-02-12,0.002551958183096104
1162,2021-02-16,0.0005310761085664233
1163,2021-02-17,0.004245841922746904
1164,2021-02-18,-0.0036524493989425273
1165,2021-02-19,-0.001038228222497452
1166,2021-02-22,0.004595780852488082
1167,2021-02-23,0.0018579829944472487
1168,2021-02-24,0.012700706783227527
1169,2021-02-25,-0.01668689980967172
1170,2021-02-26,-0.013317623885215615
1171,2021-03-01,0.020720046850477448
1172,2021-03-02,-0.004387633414556286
1173,2021-03-03,0.0015223624392071283
1174,2021-03-04,-0.009330259741684135
1175,2021-03-05,0.020439962422893414
1176,2021-03-08,0.013175350568235005
1177,2021-03-09,0.001772098730683441
1178,2021-03-10,0.016622203748356927
1179,2021-03-11,0.0028232881294581818
1180,2021-03-12,0.008084503677670588
1181,2021-03-15,0.006804914262778523
1182,2021-03-16,-0.0035775310459067082
1183,2021-03-17,0.006692873597560546
1184,2021-03-18,-0.010358906475796976
1185,2021-03-19,-0.009367797459895452
1186,2021-03-22,0.0033346328775109807
1187,2021-03-23,-0.008861233095837064
1188,2021-03-24,-4.3829506604701985e-05
1189,2021-03-25,0.00758125057238367
1190,2021-03-26,0.015105021100333661
1191,2021-03-29,0.002696805436198539
1192,2021-03-30,-0.0045830600567391055
1193,2021-03-31,-0.003026284357618989
1194,2021-04-01,0.005886593222238566
1195,2021-04-05,0.010745693670758743
1196,2021-04-06,-0.0018433284997322306
1197,2021-04-07,0.0009591004809770148
1198,2021-04-08,-0.0008236571626925771
1199,2021-04-09,0.004079990656137567
1200,2021-04-12,-0.0032986351146183854
1201,2021-04-13,-0.003653553848643187
1202,2021-04-14,0.0015158230162163977
1203,2021-04-15,0.0061956114765412094
1204,2021-04-16,0.005833465846624159
1205,2021-04-19,-0.0018370340010201228
1206,2021-04-20,-0.006672941963045582
1207,2021-04-21,0.011239190774588232
1208,2021-04-22,-0.011509614886034627
1209,2021-04-23,0.007873053003738395
1210,2021-04-26,-0.0028328014663909556
1211,2021-04-27,-0.0003799539496352497
1212,2021-04-28,0.0008795851737824511
1213,2021-04-29,0.008085737101269913
1214,2021-04-30,-0.005894278729874429
1215,2021-05-03,0.009194836127437041
1216,2021-05-04,0.0010951564395182325
1217,2021-05-05,0.004675092837108442
1218,2021-05-06,0.008237367093243173
1219,2021-05-07,0.007545581884210037
1220,2021-05-10,-0.0014556896637300787
1221,2021-05-11,-0.013440732162496631
1222,2021-05-12,-0.015410144615040401
1223,2021-05-13,0.013957616546016816
1224,2021-05-14,0.010434723373491307
1225,2021-05-17,0.00183396253058474
1226,2021-05-18,-0.007405715276225821
1227,2021-05-19,-0.00596215897976412
1228,2021-05-20,0.005178288190071103
1229,2021-05-21,0.0019879109688573215
1230,2021-05-24,0.006898650684971233
1231,2021-05-25,-0.00376341011741157
1232,2021-05-26,-0.0006653940653373534
1233,2021-05-27,0.004206455308353621
1234,2021-05-28,-0.0006613041331647433
1235,2021-06-01,0.002507984797269068
1236,2021-06-02,0.0036199615946944947
1237,2021-06-03,0.001573315632922318
1238,2021-06-04,0.004569303643939948
1239,2021-06-07,-0.0035311799367326907
1240,2021-06-08,-0.0009337646993834716
1241,2021-06-09,-0.002926572598143048
1242,2021-06-10,0.0019071151374431437
1243,2021-06-11,0.0008603595058884171
1244,2021-06-14,-0.003411478469602708
1245,2021-06-15,-0.00013645190923375827
1246,2021-06-16,-0.007014658356524803
1247,2021-06-17,-0.006142009362443168
1248,2021-06-18,-0.017440553344287183
1249,2021-06-21,0.017407966808864892
1250,2021-06-22,0.002853540601737224
1251,2021-06-23,-0.0027110609258747336
1252,2021-06-24,0.007460691362908904
1253,2021-06-25,0.011163031200727107
1254,2021-06-28,-0.002574964136101562
1255,2021-06-29,-0.0005024978447782632
1256,2021-06-30,0.005685707898092118
1257,2021-07-01,0.0004376405818927234
1258,2021-07-02,0.0038164629656372395
1259,2021-07-06,-0.006759826526201957
1260,2021-07-07,0.0029302363809925545
1261,2021-07-08,-0.006621957675045499
1262,2021-07-09,0.01290821796317589
1263,2021-07-12,0.002702772816373381
1264,2021-07-13,-0.001311112021922793
1265,2021-07-14,0.003473922278425021
1266,2021-07-15,0.0004723082989629909
1267,2021-07-16,-0.010028190843801408
1268,2021-07-19,-0.020172879530843173
1269,2021-07-20,0.015331803189386765
1270,2021-07-21,0.009928870929460518
1271,2021-07-22,-0.0015818338009985946
1272,2021-07-23,0.005677768834768482
1273,2021-07-26,0.004466348553051922
1274,2021-07-27,-0.001910852059356833
1275,2021-07-28,-0.0006623880064552682
1276,2021-07-29,0.00462936276226496
1277,2021-07-30,-0.003276639197717651
1278,2021-08-02,-0.001432793961677526
1279,2021-08-03,0.009570995438295846
1280,2021-08-04,-0.009253079592127313
1281,2021-08-05,0.006080410511374325
1282,2021-08-06,0.004637257041172407
1283,2021-08-09,-0.0024667065581332063
1284,2021-08-10,0.00717875434767393
1285,2021-08-11,0.006647158314707314
1286,2021-08-12,0.001719989480876995
1287,2021-08-13,-0.00018050994583216902
1288,2021-08-16,0.0014576036601754634
1289,2021-08-17,-0.004344595650800217
1290,2021-08-18,-0.013020971782633738
1291,2021-08-19,-0.004705491199559213
1292,2021-08-20,0.005256789398719037
1293,2021-08-23,0.009359868458685179
1294,2021-08-24,0.0008838171552909588
1295,2021-08-25,0.002152526210110126
1296,2021-08-26,-0.008502410479889453
1297,2021-08-27,0.006658430048654815
1298,2021-08-30,-0.0014852095957256985
1299,2021-08-31,-0.0008032867027874301
1300,2021-09-01,-0.0019492084415221596
1301,2021-09-02,0.00655804053180181
1302,2021-09-03,-0.0034802753112138144
1303,2021-09-07,-0.006888713408618918
1304,2021-09-08,0.0004522939861645135
1305,2021-09-09,-0.003887514310188888
1306,2021-09-10,-0.006925635266971092
1307,2021-09-13,0.00808880353605747
1308,2021-09-14,-0.008456461580886865
1309,2021-09-15,0.008351432086478466
1310,2021-09-16,-0.003132695148446246
1311,2021-09-17,-0.007619276835041086
1312,2021-09-20,-0.015244942250711114
1313,2021-09-21,-0.0018565668381603894
1314,2021-09-22,0.012066317668182195
1315,2021-09-23,0.01367503685806157
1316,2021-09-24,-0.0024548396599849186
1317,2021-09-27,0.002028186250312155
1318,2021-09-28,-0.013474943222224606
1319,2021-09-29,0.004303968762147187
1320,2021-09-30,-0.016077839803177868
1321,2021-10-01,0.019226878947608633
1322,2021-10-04,-0.004858783046335276
1323,2021-10-05,0.006980461350692374
1324,2021-10-06,0.0007160724656622831
1325,2021-10-07,0.010942344732690543
1326,2021-10-08,0.0017040205336690205
1327,2021-10-11,-0.006641450423991138
1328,2021-10-12,-0.004744751203179053
1329,2021-10-13,-0.0013569374756234537
1330,2021-10-14,0.012647008809925295
1331,2021-10-15,0.006373521319748271
1332,2021-10-18,-0.002855958273389632
1333,2021-10-19,0.007529914740207632
1334,2021-10-20,0.00729119203335526
1335,2021-10-21,-0.0027614880079924312
1336,2021-10-22,-0.002619858661763488
1337,2021-10-25,0.0026835842722620477
1338,2021-10-26,-0.00013990044307552124
1339,2021-10-27,-0.012158537683602215
1340,2021-10-28,0.008957121130275112
1341,2021-10-29,0.0014095823854124888
1342,2021-11-01,0.005294695376457099
1343,2021-11-02,0.00847306335936579
1344,2021-11-03,0.002711662874629999
1345,2021-11-04,-0.0009260586038424371
1346,2021-11-05,0.013731783382553996
1347,2021-11-08,0.001991029242355461
1348,2021-11-09,-0.003025859590560601
1349,2021-11-10,-0.0029411040272788354
1350,2021-11-11,-0.0023200971669523067
1351,2021-11-12,0.001584225168601024
1352,2021-11-15,0.001256960572115594
1353,2021-11-16,-0.0019874874374066834
1354,2021-11-17,-0.0059877065102728185
1355,2021-11-18,-0.002514542179899345
1356,2021-11-19,-0.008901104269755135
1357,2021-11-22,0.005884062990942962
1358,2021-11-23,0.006393743662981923
1359,2021-11-24,-0.0002805808695335262
1360,2021-11-26,-0.01952510086570844
1361,2021-11-29,0.0011147061699909072
1362,2021-11-30,-0.01872706405937428
1363,2021-12-01,-0.007414802681847272
1364,2021-12-02,0.017851426850862148
1365,2021-12-03,0.0013390686932331715
1366,2021-12-06,0.01729609111376125
1367,2021-12-07,0.012624232871604711
1368,2021-12-08,0.0014243996400532118
1369,2021-12-09,0.0005614417330075439
1370,2021-12-10,0.008634263753543306
1371,2021-12-13,-0.007133217087535287
1372,2021-12-14,-0.000815985823168367
1373,2021-12-15,0.007970128768727538
1374,2021-12-16,0.0015601873002468066
1375,2021-12-17,-0.014341423263279824
1376,2021-12-20,-0.008136738137481432
1377,2021-12-21,0.016133310364619336
1378,2021-12-22,0.008275995795898017
1379,2021-12-23,0.005029983003615578
1380,2021-12-27,0.00916298134806696
1381,2021-12-28,0.002251330673898074
1382,2021-12-29,0.002331534962622623
1383,2021-12-30,-0.0019490537255768383
1384,2021-12-31,-0.0004189645907140422
1385,2022-01-03,0.006456692590430503
1386,2022-01-04,0.009563279206521405
1387,2022-01-05,-0.0013888122989000637
1388,2022-01-06,-0.0013822557199960378
1389,2022-01-07,0.002711894273542082
1390,2022-01-10,-0.004825854814003268
1391,2022-01-11,0.005498679365429231
1392,2022-01-12,0.0008648844269055158
1393,2022-01-13,-0.0020380669000307767
1394,2022-01-14,-0.005155781030235549
1395,2022-01-18,-0.013046313621659018
1396,2022-01-19,-0.008842571508017717
1397,2022-01-20,-0.007225170892197436
1398,2022-01-21,-0.01323873635101249
1399,2022-01-24,0.0032282760548356113
1400,2022-01-25,0.003988519115563574
1401,2022-01-26,-0.00405230155667562
1402,2022-01-27,-0.00032666791963097667
1403,2022-01-28,0.011174152560105552
1404,2022-01-31,0.008389123436272425
1405,2022-02-01,0.009605839318680148
1406,2022-02-02,0.007060184699779401
1407,2022-02-03,-0.012385421236730572
1408,2022-02-04,-0.0022214760664370494
1409,2022-02-07,0.0018515708890037349
1410,2022-02-08,0.008218475053055178
1411,2022-02-09,0.008849081778010259
1412,2022-02-10,-0.010875889634332133
1413,2022-02-11,-0.008008578436984744
1414,2022-02-14,-0.006921566386029145
1415,2022-02-15,0.012323871486657855
1416,2022-02-16,-0.0006673854905216958
1417,2022-02-17,-0.010762458881136886
1418,2022-02-18,-0.006976395964166204
1419,2022-02-22,-0.013909176572780253
1420,2022-02-23,-0.011390186204681671
1421,2022-02-24,-0.0011156578627737998
1422,2022-02-25,0.026816414236839173
1423,2022-02-28,-0.0034903800179379636
1424,2022-03-01,-0.015772969373733268
1425,2022-03-02,0.018033125311808857
1426,2022-03-03,-0.0030464406139488584
1427,2022-03-04,-0.0028173450023026665
1428,2022-03-07,-0.02018765130410451
1429,2022-03-08,-0.006325984655542781
1430,2022-03-09,0.016708000805222188
1431,2022-03-10,-0.0029594671215185907
1432,2022-03-11,-0.006397682507663763
1433,2022-03-14,-0.00012936460902057906
1434,2022-03-15,0.01293077391592307
1435,2022-03-16,0.012035222515824331
1436,2022-03-17,0.011730019105792916
1437,2022-03-18,0.005769767092490498
1438,2022-03-21,-0.001455532270257783
1439,2022-03-22,0.008043904411269176
1440,2022-03-23,-0.009051484333976597
1441,2022-03-24,0.011739194002895905
1442,2022-03-25,0.007112613267588248
1443,2022-03-28,0.0005491555889410502
1444,2022-03-29,0.00949514370956037
1445,2022-03-30,-0.0027822624699847666
1446,2022-03-31,-0.017523675991486923
1447,2022-04-01,0.0027999038416159083
1448,2022-04-04,0.0015804647020029414
1449,2022-04-05,-0.0073854277198207256
1450,2022-04-06,-0.0009805205206876002
1451,2022-04-07,0.0067842809969532744
1452,2022-04-08,0.003632274363010825
1453,2022-04-11,-0.009968215673248125
1454,2022-04-12,-0.0019317311223858266
1455,2022-04-13,0.009956363013291461
1456,2022-04-14,-0.0015851867574319255
1457,2022-04-18,-0.0013040894242260467
1458,2022-04-19,0.01183885421642933
1459,2022-04-20,0.006743989315200798
1460,2022-04-21,-0.0077172035514148085
1461,2022-04-22,-0.027245730851871715
1462,2022-04-25,0.003813156075361095
1463,2022-04-26,-0.022829012537338364
1464,2022-04-27,-0.0024004960326956108
1465,2022-04-28,0.018127686039260064
1466,2022-04-29,-0.028258235286523947
1467,2022-05-02,0.0009530635743682145
1468,2022-05-03,0.005803550406753805
1469,2022-05-04,0.026826777752809217
1470,2022-05-05,-0.025731517138890464
1471,2022-05-06,-0.003865327742001649
1472,2022-05-09,-0.020774530002144322
1473,2022-05-10,-0.00452223628204884
1474,2022-05-11,-0.005417545419387293
1475,2022-05-12,-0.0039069351016461475
1476,2022-05-13,0.015524263925762585
1477,2022-05-16,0.003193982692211684
1478,2022-05-17,0.014569579726045778
1479,2022-05-18,-0.03794318253614227
1480,2022-05-19,-0.014710793169918728
1481,2022-05-20,0.0022376420972468956
1482,2022-05-23,0.023524138132410402
1483,2022-05-24,0.003161101289370607
1484,2022-05-25,0.0063792873362899525
1485,2022-05-26,0.01535333409419919
1486,2022-05-27,0.016867158160295274
1487,2022-05-31,-0.006070173270231279
1488,2022-06-01,-0.006019816130669622
1489,2022-06-02,0.012591878692742794
1490,2022-06-03,-0.00932609652279033
1491,2022-06-06,0.0012788253104148318
1492,2022-06-07,0.0085327730000684
1493,2022-06-08,-0.010945403681006495
1494,2022-06-09,-0.02223746881787394
1495,2022-06-10,-0.02372622383744461
1496,2022-06-13,-0.02946514774395187
1497,2022-06-14,-0.004102051009918303
1498,2022-06-15,0.010383310404009815
1499,2022-06-16,-0.023595819408345983
1500,2022-06-17,-0.005368245963909442
1501,2022-06-21,0.02593354048097737
1502,2022-06-22,-0.004928118478107122
1503,2022-06-23,0.0040312403191325105
1504,2022-06-24,0.027774488878191853
1505,2022-06-27,-7.928516868413796e-05
1506,2022-06-28,-0.015947937268095316
1507,2022-06-29,-0.0007794399461118178
